COMUNA_ORIGINAL,COMUNA_NORMALIZADA
"Aisén","AISEN"
"Algarrobo","ALGARROBO"
"Alhué","ALHUE"
"Alto Biobío","ALTO BIOBIO"
"Alto del Carmen","ALTO DEL CARMEN"
"Alto Hospicio","ALTO HOSPICIO"
"Ancud","ANCUD"
"Andacollo","ANDACOLLO"
"Angol","ANGOL"
"Antofagasta","ANTOFAGASTA"
"Antuco","ANTUCO"
"Arauco","ARAUCO"
"Arica","ARICA"
"Buin","BUIN"
"Bulnes","BULNES"
"Cabildo","CABILDO"
"Cabo de Hornos","CABO DE HORNOS"
"Cabrero","CABRERO"
"Calama","CALAMA"
"Calbuco","CALBUCO"
"Caldera","CALDERA"
"Calera","CALERA"
"Calera de Tango","CALERA DE TANGO"
"Calle Larga","CALLE LARGA"
"Camarones","CAMARONES"
"Camiña","CAMINA"
"Canela","CANELA"
"Cañete","CANETE"
"Carahue","CARAHUE"
"Cartagena","CARTAGENA"
"Casablanca","CASABLANCA"
"Castro","CASTRO"
"Catemu","CATEMU"
"Cauquenes","CAUQUENES"
"Cerrillos","CERRILLOS"
"Cerro Navia","CERRO NAVIA"
"Chaitén","CHAITEN"
"Chañaral","CHANARAL"
"Chanco","CHANCO"
"Chépica","CHEPICA"
"Chiguayante","CHIGUAYANTE"
"Chile Chico","CHILE CHICO"
"Chillán","CHILLAN"
"Chillán Viejo","CHILLAN VIEJO"
"Chimbarongo","CHIMBARONGO"
"Cholchol","CHOL CHOL"
"Chonchi","CHONCHI"
"Cisnes","CISNES"
"Cobquecura","COBQUECURA"
"Cochamó","COCHAMO"
"Cochrane","COCHRANE"
"Codegua","CODEGUA"
"Coelemu","COELEMU"
"Coihaique","COIHAIQUE"
"Coihueco","COIHUECO"
"Coinco","COINCO"
"Colbún","COLBUN"
"Colchane","COLCHANE"
"Colina","COLINA"
"Collipulli","COLLIPULLI"
"Coltauco","COLTAUCO"
"Combarbalá","COMBARBALA"
"Concepción","CONCEPCION"
"Conchalí","CONCHALI"
"Concón","CONCON"
"Constitución","CONSTITUCION"
"Contulmo","CONTULMO"
"Copiapó","COPIAPO"
"Coquimbo","COQUIMBO"
"Coronel","CORONEL"
"Corral","CORRAL"
"Cunco","CUNCO"
"Curacautín","CURACAUTIN"
"Curacaví","CURACAVI"
"Curaco de Vélez","CURACO DE VELEZ"
"Curanilahue","CURANILAHUE"
"Curarrehue","CURARREHUE"
"Curepto","CUREPTO"
"Curicó","CURICO"
"Dalcahue","DALCAHUE"
"Diego de Almagro","DIEGO DE ALMAGRO"
"Doñihue","DONIHUE"
"El Bosque","EL BOSQUE"
"El Carmen","EL CARMEN"
"El Monte","EL MONTE"
"El Quisco","EL QUISCO"
"El Tabo","EL TABO"
"Empedrado","EMPEDRADO"
"Ercilla","ERCILLA"
"Estación Central","ESTACION CENTRAL"
"Florida","FLORIDA"
"Freire","FREIRE"
"Freirina","FREIRINA"
"Fresia","FRESIA"
"Frutillar","FRUTILLAR"
"Futaleufú","FUTALEUFU"
"Futrono","FUTRONO"
"Galvarino","GALVARINO"
"General Lagos","GENERAL LAGOS"
"Gorbea","GORBEA"
"Graneros","GRANEROS"
"Guaitecas","GUAITECAS"
"Hijuelas","HIJUELAS"
"Hualaihué","HUALAIHUE"
"Hualañé","HUALANE"
"Hualpén","HUALPEN"
"Hualqui","HUALQUI"
"Huara","HUARA"
"Huasco","HUASCO"
"Huechuraba","HUECHURABA"
"Illapel","ILLAPEL"
"Independencia","INDEPENDENCIA"
"Iquique","IQUIQUE"
"Isla de Maipo","ISLA DE MAIPO"
"Isla de Pascua","ISLA DE PASCUA"
"Juan Fernández","JUAN FERNANDEZ"
"La Cisterna","LA CISTERNA"
"La Cruz","LA CRUZ"
"La Estrella","LA ESTRELLA"
"La Florida","LA FLORIDA"
"La Granja","LA GRANJA"
"La Higuera","LA HIGUERA"
"La Ligua","LA LIGUA"
"La Pintana","LA PINTANA"
"La Reina","LA REINA"
"La Serena","LA SERENA"
"La Unión","LA UNION"
"Lago Ranco","LAGO RANCO"
"Lago Verde","LAGO VERDE"
"Laguna Blanca","LAGUNA BLANCA"
"Laja","LAJA"
"Lampa","LAMPA"
"Lanco","LANCO"
"Las Cabras","LAS CABRAS"
"Las Condes","LAS CONDES"
"Lautaro","LAUTARO"
"Lebu","LEBU"
"Licantén","LICANTEN"
"Limache","LIMACHE"
"Linares","LINARES"
"Litueche","LITUECHE"
"Llaillay","LLAILLAY"
"Llanquihue","LLANQUIHUE"
"Lo Barnechea","LO BARNECHEA"
"Lo Espejo","LO ESPEJO"
"Lo Prado","LO PRADO"
"Lolol","LOLOL"
"Loncoche","LONCOCHE"
"Longaví","LONGAVI"
"Lonquimay","LONQUIMAY"
"Los Alamos","LOS ALAMOS"
"Los Andes","LOS ANDES"
"Los Angeles","LOS ANGELES"
"Los Lagos","LOS LAGOS"
"Los Muermos","LOS MUERMOS"
"Los Sauces","LOS SAUCES"
"Los Vilos","LOS VILOS"
"Lota","LOTA"
"Lumaco","LUMACO"
"Machalí","MACHALI"
"Macul","MACUL"
"Máfil","MAFIL"
"Maipú","MAIPU"
"Malloa","MALLOA"
"Marchihue","MARCHIHUE"
"María Elena","MARIA ELENA"
"María Pinto","MARIA PINTO"
"Mariquina","MARIQUINA"
"Maule","MAULE"
"Maullín","MAULLIN"
"Mejillones","MEJILLONES"
"Melipeuco","MELIPEUCO"
"Melipilla","MELIPILLA"
"Molina","MOLINA"
"Monte Patria","MONTE PATRIA"
"Mostazal","MOSTAZAL"
"Mulchén","MULCHEN"
"Nacimiento","NACIMIENTO"
"Nancagua","NANCAGUA"
"Natales","NATALES"
"Navidad","NAVIDAD"
"Negrete","NEGRETE"
"Ninhue","NINHUE"
"Ñiquén","NIQUEN"
"Nogales","NOGALES"
"Nueva Imperial","NUEVA IMPERIAL"
"Ñuñoa","NUNOA"
"O'Higgins","OHIGGINS"
"Olivar","OLIVAR"
"Ollagüe","OLLAGUE"
"Olmué","OLMUE"
"Osorno","OSORNO"
"Ovalle","OVALLE"
"Padre Hurtado","PADRE HURTADO"
"Padre Las Casas","PADRE LAS CASAS"
"Paiguano","PAIGUANO"
"Paillaco","PAILLACO"
"Paine","PAINE"
"Palena","PALENA"
"Palmilla","PALMILLA"
"Panguipulli","PANGUIPULLI"
"Panquehue","PANQUEHUE"
"Papudo","PAPUDO"
"Paredones","PAREDONES"
"Parral","PARRAL"
"Pedro Aguirre Cerda","PEDRO AGUIRRE CERDA"
"Pelarco","PELARCO"
"Pelluhue","PELLUHUE"
"Pemuco","PEMUCO"
"Peñaflor","PENAFLOR"
"Peñalolén","PENALOLEN"
"Pencahue","PENCAHUE"
"Penco","PENCO"
"Peralillo","PERALILLO"
"Perquenco","PERQUENCO"
"Petorca","PETORCA"
"Peumo","PEUMO"
"Pica","PICA"
"Pichidegua","PICHIDEGUA"
"Pichilemu","PICHILEMU"
"Pinto","PINTO"
"Pirque","PIRQUE"
"Pitrufquén","PITRUFQUEN"
"Placilla","PLACILLA"
"Portezuelo","PORTEZUELO"
"Porvenir","PORVENIR"
"Pozo Almonte","POZO ALMONTE"
"Primavera","PRIMAVERA"
"Providencia","PROVIDENCIA"
"Puchuncaví","PUCHUNCAVI"
"Pucón","PUCON"
"Pudahuel","PUDAHUEL"
"Puente Alto","PUENTE ALTO"
"Puerto Montt","PUERTO MONTT"
"Puerto Octay","PUERTO OCTAY"
"Puerto Varas","PUERTO VARAS"
"Pumanque","PUMANQUE"
"Punitaqui","PUNITAQUI"
"Punta Arenas","PUNTA ARENAS"
"Puqueldón","PUQUELDON"
"Purén","PUREN"
"Purranque","PURRANQUE"
"Putaendo","PUTAENDO"
"Putre","PUTRE"
"Puyehue","PUYEHUE"
"Queilén","QUEILEN"
"Quellón","QUELLON"
"Quemchi","QUEMCHI"
"Quilaco","QUILACO"
"Quilicura","QUILICURA"
"Quilleco","QUILLECO"
"Quillón","QUILLON"
"Quillota","QUILLOTA"
"Quilpué","QUILPUE"
"Quinchao","QUINCHAO"
"Quinta de Tilcoco","QUINTA DE TILCOCO"
"Quinta Normal","QUINTA NORMAL"
"Quintero","QUINTERO"
"Quirihue","QUIRIHUE"
"Rancagua","RANCAGUA"
"Ranquil","RANQUIL"
"Rauco","RAUCO"
"Recoleta","RECOLETA"
"Renaico","RENAICO"
"Renca","RENCA"
"Rengo","RENGO"
"Requínoa","REQUINOA"
"Retiro","RETIRO"
"Rinconada","RINCONADA"
"Río Bueno","RIO BUENO"
"Río Claro","RIO CLARO"
"Río Hurtado","RIO HURTADO"
"Río Ibáñez","RIO IBANEZ"
"Río Negro","RIO NEGRO"
"Río Verde","RIO VERDE"
"Romeral","ROMERAL"
"Saavedra","SAAVEDRA"
"Sagrada Familia","SAGRADA FAMILIA"
"Salamanca","SALAMANCA"
"San Antonio","SAN ANTONIO"
"San Bernardo","SAN BERNARDO"
"San Carlos","SAN CARLOS"
"San Clemente","SAN CLEMENTE"
"San Esteban","SAN ESTEBAN"
"San Fabián","SAN FABIAN"
"San Felipe","SAN FELIPE"
"San Fernando","SAN FERNANDO"
"San Gregorio","SAN GREGORIO"
"San Ignacio","SAN IGNACIO"
"San Javier","SAN JAVIER"
"San Joaquín","SAN JOAQUIN"
"San José de Maipo","SAN JOSE DE MAIPO"
"San Juan de la Costa","SAN JUAN DE LA COSTA"
"San Miguel","SAN MIGUEL"
"San Nicolás","SAN NICOLAS"
"San Pablo","SAN PABLO"
"San Pedro","SAN PEDRO"
"San Pedro de Atacama","SAN PEDRO DE ATACAMA"
"San Pedro de la Paz","SAN PEDRO DE LA PAZ"
"San Rafael","SAN RAFAEL"
"San Ramón","SAN RAMON"
"San Rosendo","SAN ROSENDO"
"San Vicente","SAN VICENTE"
"Santa Bárbara","SANTA BARBARA"
"Santa Cruz","SANTA CRUZ"
"Santa Juana","SANTA JUANA"
"Santa María","SANTA MARIA"
"Santiago","SANTIAGO"
"Santo Domingo","SANTO DOMINGO"
"Sierra Gorda","SIERRA GORDA"
"Talagante","TALAGANTE"
"Talca","TALCA"
"Talcahuano","TALCAHUANO"
"Taltal","TALTAL"
"Temuco","TEMUCO"
"Teno","TENO"
"Teodoro Schmidt","TEODORO SCHMIDT"
"Tierra Amarilla","TIERRA AMARILLA"
"Tiltil","TILTIL"
"Timaukel","TIMAUKEL"
"Tirúa","TIRUA"
"Tocopilla","TOCOPILLA"
"Toltén","TOLTEN"
"Tomé","TOME"
"Torres del Paine","TORRES DEL PAINE"
"Tortel","TORTEL"
"Traiguén","TRAIGUEN"
"Treguaco","TREGUACO"
"Tucapel","TUCAPEL"
"Valdivia","VALDIVIA"
"Vallenar","VALLENAR"
"Valparaíso","VALPARAISO"
"Vichuquén","VICHUQUEN"
"Victoria","VICTORIA"
"Vicuña","VICUNA"
"Vilcún","VILCUN"
"Villa Alegre","VILLA ALEGRE"
"Villa Alemana","VILLA ALEMANA"
"Villarrica","VILLARRICA"
"Viña del Mar","VINA DEL MAR"
"Vitacura","VITACURA"
"Yerbas Buenas","YERBAS BUENAS"
"Yumbel","YUMBEL"
"Yungay","YUNGAY"
"Zapallar","ZAPALLAR"
