CODIGO_BIP,RATE,FECHA_DETECCION
30461075,RS,2026-09-16
40067788,RE,2026-09-16
40026213,FI,2026-09-16
40024540,RS,2026-09-16
40039772,RS,2026-09-16
40048296,RS,2026-09-16
40049358,AD,2026-09-16
30080556,FI,2026-09-16
40023943,OT,2026-09-16
40002036,RS,2026-09-16
40053490,RS,2026-09-16
30460172,RS,2026-09-16
30231672,RS,2026-09-16
40020211,RS,2026-09-16
40049870,RS,2026-09-16
40029327,FI,2026-09-16
40019783,RS,2026-09-16
40000938,RS,2026-09-16
40000938,RS,2026-09-16
40038515,AD,2026-09-16
40004714,RS,2026-09-16
30485337,FI,2026-09-16
40019575,RS,2026-09-16
40006083,RS,2026-09-16
40006083,RS,2026-09-16
40006083,RS,2026-09-16
30467433,RS,2026-09-16
30073030,RS,2026-09-16
20153304,FI,2026-09-16
30345076,RS,2026-09-16
30081138,RS,2026-09-16
30463675,FI,2026-09-16
30384722,RS,2026-09-16
30384722,RS,2026-09-16
30442127,RS,2026-09-16
30442127,RS,2026-09-16
30459418,FI,2026-09-16
40059794,RS,2026-09-16
40057641,AD,2026-09-16
40072091,FI,2026-09-16
40070172,AD,2026-09-16
40059375,RS,2026-09-16
30064321,RS,2026-09-16
20178168,RS,2026-09-16
30267380,RS,2026-09-16
20054441,RS,2026-09-16
30083093,RS,2026-09-16
30126159,RS,2026-09-16
20088311,RS,2026-09-16
30070275,OT,2026-09-16
30096349,OT,2026-09-16
30484502,RS,2026-09-16
40055736,FI,2026-09-16
30096407,RS,2026-09-16
20178214,RS,2026-09-16
40053038,FI,2026-09-16
40048281,RS,2026-09-16
40071126,RS,2026-09-16
40035371,FI,2026-09-16
40008405,RS,2026-09-16
30484483,RS,2026-09-16
30099413,FI,2026-09-16
40075864,OT,2026-09-16
30466033,RS,2026-09-16
40004758,FI,2026-09-16
30061964,RS,2026-09-16
40061063,OT,2026-09-16
40061063,OT,2026-09-16
40050304,AD,2026-09-16
30136315,RS,2026-09-16
40048275,RS,2026-09-16
40057423,AD,2026-09-16
30482321,RS,2026-09-16
30407522,FI,2026-09-16
40052889,RS,2026-09-16
40077338,RS,2026-09-16
40077338,RS,2026-09-16
40002869,RS,2026-09-16
40073101,RS,2026-09-16
30100226,RS,2026-09-16
40036755,AD,2026-09-16
40020021,RS,2026-09-16
40075064,AD,2026-09-16
40061646,AD,2026-09-16
30131841,RS,2026-09-16
30131841,RS,2026-09-16
40069145,RS,2026-09-16
40070834,RS,2026-09-16
40024424,RS,2026-09-16
30081385,RS,2026-09-16
30361046,RS,2026-09-16
30475049,RS,2026-09-16
30256122,FI,2026-09-16
40061778,RS,2026-09-16
30486050,RS,2026-09-16
40053774,FI,2026-09-16
40024103,RS,2026-09-16
40024103,RS,2026-09-16
40072436,FI,2026-09-16
40031093,RS,2026-09-16
40001791,RS,2026-09-16
40032580,RS,2026-09-16
30073603,OT,2026-09-16
40029986,FI,2026-09-16
40047436,AD,2026-09-16
40054665,FI,2026-09-16
40029205,RS,2026-09-16
40052101,OT,2026-09-16
30360375,RS,2026-09-16
40056899,AD,2026-09-16
30482320,RS,2026-09-16
40056699,RS,2026-09-16
30285772,RS,2026-09-16
40026929,RS,2026-09-16
30463592,RS,2026-09-16
40067087,AD,2026-09-16
40074969,RS,2026-09-16
40039178,RS,2026-09-16
40039178,RS,2026-09-16
40063089,AD,2026-09-16
40065081,RS,2026-09-16
40012734,RS,2026-09-16
50001177,FI,2026-09-16
40060716,AD,2026-09-16
40031094,FI,2026-09-16
40075084,RS,2026-09-16
40070786,RS,2026-09-16
40070786,RS,2026-09-16
30136983,RS,2026-09-16
40063249,AD,2026-09-16
40067462,RS,2026-09-16
30069841,RS,2026-09-16
40052499,RS,2026-09-16
40063248,RS,2026-09-16
30292973,OT,2026-09-16
40075376,OT,2026-09-16
40075376,OT,2026-09-16
40021944,FI,2026-09-16
40077464,OT,2026-09-16
40054663,RS,2026-09-16
40054663,RS,2026-09-16
40045677,FI,2026-09-16
40049461,RS,2026-09-16
40063249,AD,2026-09-16
40034114,FI,2026-09-16
40075944,OT,2026-09-16
40079883,RS,2026-09-16
40019596,RS,2026-09-16
40040058,RS,2026-09-16
40040058,RS,2026-09-16
30096778,FI,2026-09-16
40043745,RS,2026-09-16
30072803,RS,2026-09-16
40069225,RS,2026-09-16
40024183,RS,2026-09-16
40003212,RS,2026-09-16
40003212,RS,2026-09-16
40035272,RS,2026-09-16
30126701,RS,2026-09-16
40060361,RS,2026-09-16
40049128,AD,2026-09-16
30120056,FI,2026-09-16
40051374,RS,2026-09-16
30155224,OT,2026-09-16
40003772,RS,2026-09-16
30478136,FI,2026-09-16
40005798,RS,2026-09-16
40027158,RS,2026-09-16
40046649,AD,2026-09-16
40025872,RS,2026-09-16
30407223,RS,2026-09-16
40045174,RS,2026-09-16
30483460,RS,2026-09-16
30483460,RS,2026-09-16
30070727,RS,2026-09-16
30349028,RS,2026-09-16
40018363,RS,2026-09-16
40036492,RS,2026-09-16
40060939,AD,2026-09-16
40008096,RS,2026-09-16
40028047,RS,2026-09-16
30101997,RS,2026-09-16
40051205,RS,2026-09-16
40047390,AD,2026-09-16
30458972,RS,2026-09-16
40060938,AD,2026-09-16
40055737,FI,2026-09-16
30134056,RS,2026-09-16
30107157,RS,2026-09-16
30124912,FI,2026-09-16
30113065,RS,2026-09-16
30096102,RS,2026-09-16
30075290,RS,2026-09-16
40039510,OT,2026-09-16
20187802,FI,2026-09-16
30343539,RS,2026-09-16
40056289,RE,2026-09-16
40048345,RS,2026-09-16
40048261,RS,2026-09-16
40023608,RS,2026-09-16
30070555,RS,2026-09-16
30328827,RS,2026-09-16
30328827,RS,2026-09-16
30484343,RS,2026-09-16
30467692,RS,2026-09-16
30467692,RS,2026-09-16
30064649,FI,2026-09-16
40026600,RS,2026-09-16
40052499,RS,2026-09-16
40065345,RS,2026-09-16
40043746,RS,2026-09-16
30378922,RS,2026-09-16
50000210,FI,2026-09-16
40065485,RS,2026-09-16
40065485,RS,2026-09-16
40045092,RS,2026-09-16
40070820,RS,2026-09-16
40070820,RS,2026-09-16
40070820,RS,2026-09-16
40070820,RS,2026-09-16
40070820,RS,2026-09-16
40070820,RS,2026-09-16
40070820,RS,2026-09-16
40070820,RS,2026-09-16
40070820,RS,2026-09-16
40070820,RS,2026-09-16
40070820,RS,2026-09-16
40070820,RS,2026-09-16
40081320,FI,2026-09-16
40009278,FI,2026-09-16
30363445,FI,2026-09-16
30103935,RS,2026-09-16
20188580,FI,2026-09-16
30249672,FI,2026-09-16
30249672,FI,2026-09-16
40027785,RS,2026-09-16
40069823,RS,2026-09-16
40027622,RS,2026-09-16
30379323,RS,2026-09-16
40052510,RS,2026-09-16
20177920,RS,2026-09-16
40049912,AD,2026-09-16
40043617,RS,2026-09-16
40050036,AD,2026-09-16
40058194,RS,2026-09-16
40058194,RS,2026-09-16
30458837,OT,2026-09-16
40070076,AD,2026-09-16
40053519,RS,2026-09-16
50001930,RS,2026-09-16
40060312,RS,2026-09-16
40002369,FI,2026-09-16
40027936,FI,2026-09-16
30126632,RS,2026-09-16
40071903,OT,2026-09-16
40057402,RS,2026-09-16
40080436,RS,2026-09-16
40074254,FI,2026-09-16
30038126,RS,2026-09-16
40021834,FI,2026-09-16
40005756,FI,2026-09-16
40023967,RS,2026-09-16
30076636,RS,2026-09-16
40048728,RS,2026-09-16
30085715,RS,2026-09-16
40056966,RS,2026-09-16
40056966,RS,2026-09-16
30100107,RS,2026-09-16
30482321,RS,2026-09-16
40000118,RS,2026-09-16
40015334,RS,2026-09-16
30135321,RS,2026-09-16
30044383,RS,2026-09-16
30369628,FI,2026-09-16
30156972,FI,2026-09-16
40008481,RS,2026-09-16
30080831,RS,2026-09-16
40012482,RS,2026-09-16
40037803,RS,2026-09-16
30100340,RS,2026-09-16
40027574,RS,2026-09-16
30221173,RS,2026-09-16
30221173,RS,2026-09-16
30221173,RS,2026-09-16
30082374,RS,2026-09-16
30483236,RS,2026-09-16
30483558,RS,2026-09-16
40029783,RS,2026-09-16
40079332,OT,2026-09-16
40041291,RS,2026-09-16
40025549,RS,2026-09-16
40038944,RS,2026-09-16
40068327,RS,2026-09-16
40055643,FI,2026-09-16
40077382,RS,2026-09-16
40077382,RS,2026-09-16
40061161,RS,2026-09-16
30394039,RS,2026-09-16
40055626,FI,2026-09-16
40051084,FI,2026-09-16
40052755,FI,2026-09-16
30464197,RS,2026-09-16
30125055,RS,2026-09-16
30444722,RS,2026-09-16
30120122,RS,2026-09-16
30120194,RS,2026-09-16
40073788,OT,2026-09-16
40048198,OT,2026-09-16
20189211,OT,2026-09-16
30201772,RS,2026-09-16
40077604,RE,2026-09-16
40077604,RE,2026-09-16
20155699,OT,2026-09-16
30057859,OT,2026-09-16
40039068,FI,2026-09-16
40076746,OT,2026-09-16
40074007,FI,2026-09-16
30377222,RS,2026-09-16
30377222,RS,2026-09-16
30092858,FI,2026-09-16
40037419,RS,2026-09-16
40016425,RS,2026-09-16
30482963,RS,2026-09-16
40061306,RS,2026-09-16
40061306,RS,2026-09-16
40021667,RS,2026-09-16
40063338,OT,2026-09-16
40056699,RS,2026-09-16
30468944,RS,2026-09-16
30468944,RS,2026-09-16
30095104,RS,2026-09-16
50001834,FI,2026-09-16
20156148,FI,2026-09-16
40026916,RS,2026-09-16
30485932,RS,2026-09-16
30485932,RS,2026-09-16
40063271,RS,2026-09-16
30135685,RS,2026-09-16
40059379,RS,2026-09-16
40018519,RS,2026-09-16
40040955,RS,2026-09-16
30104345,RS,2026-09-16
40005336,RS,2026-09-16
40005336,RS,2026-09-16
40005336,RS,2026-09-16
40030969,RS,2026-09-16
40030148,RS,2026-09-16
40030148,RS,2026-09-16
40027544,RS,2026-09-16
30362077,RS,2026-09-16
30362077,RS,2026-09-16
40061058,RS,2026-09-16
40061058,RS,2026-09-16
40058642,RS,2026-09-16
40051702,RS,2026-09-16
40051702,RS,2026-09-16
40063327,AD,2026-09-16
30107046,RS,2026-09-16
30467604,FI,2026-09-16
40075654,FI,2026-09-16
30446872,RS,2026-09-16
40068308,RS,2026-09-16
40061749,RS,2026-09-16
30388735,RS,2026-09-16
30479236,FI,2026-09-16
30480901,RS,2026-09-16
40034171,RS,2026-09-16
40055438,OT,2026-09-16
20189205,OT,2026-09-16
40044429,FI,2026-09-16
30187622,RS,2026-09-16
40039879,RS,2026-09-16
30072828,RS,2026-09-16
40000086,RS,2026-09-16
40021530,RS,2026-09-16
40054263,OT,2026-09-16
40068635,RS,2026-09-16
40035350,RS,2026-09-16
30352173,RS,2026-09-16
30327173,RS,2026-09-16
30080600,RS,2026-09-16
40059806,FI,2026-09-16
40075149,OT,2026-09-16
40051592,RS,2026-09-16
40070145,AD,2026-09-16
40050900,FI,2026-09-16
40024422,RS,2026-09-16
30460846,FI,2026-09-16
40021418,RS,2026-09-16
30363439,FI,2026-09-16
40017277,RS,2026-09-16
40059148,AD,2026-09-16
40051415,RS,2026-09-16
30137818,RS,2026-09-16
30137818,RS,2026-09-16
40059660,AD,2026-09-16
30483167,RS,2026-09-16
40015848,RE,2026-09-16
40018977,OT,2026-09-16
40074760,RS,2026-09-16
40064630,AD,2026-09-16
40074214,OT,2026-09-16
30097841,RS,2026-09-16
40032131,RS,2026-09-16
30119003,RS,2026-09-16
30119003,RS,2026-09-16
30483649,RS,2026-09-16
30483649,RS,2026-09-16
20178141,OT,2026-09-16
40068458,FI,2026-09-16
30119015,RS,2026-09-16
30119015,RS,2026-09-16
30433475,RS,2026-09-16
40050822,RS,2026-09-16
40056687,RS,2026-09-16
40056687,RS,2026-09-16
30112007,FI,2026-09-16
40059968,RS,2026-09-16
30486614,RS,2026-09-16
40009707,RS,2026-09-16
40009707,RS,2026-09-16
40031493,RS,2026-09-16
40031256,FI,2026-09-16
40048295,RS,2026-09-16
30376489,RS,2026-09-16
30376489,RS,2026-09-16
40059860,RS,2026-09-16
30112980,RS,2026-09-16
40069146,RS,2026-09-16
30002745,RS,2026-09-16
40020186,RS,2026-09-16
40019910,RS,2026-09-16
40006966,FI,2026-09-16
30410576,RS,2026-09-16
40005794,RS,2026-09-16
40005794,RS,2026-09-16
40056664,RS,2026-09-16
30005793,FI,2026-09-16
40070128,AD,2026-09-16
40027537,RS,2026-09-16
30363426,FI,2026-09-16
40046091,RS,2026-09-16
40035979,RS,2026-09-16
40035979,RS,2026-09-16
30484568,FI,2026-09-16
40005723,RS,2026-09-16
40058042,FI,2026-09-16
30084551,RS,2026-09-16
40024541,RS,2026-09-16
40075905,RS,2026-09-16
40039741,RS,2026-09-16
40039423,RS,2026-09-16
40055058,RS,2026-09-16
40055058,RS,2026-09-16
40072395,RS,2026-09-16
40071603,RS,2026-09-16
30458978,RS,2026-09-16
40062950,FI,2026-09-16
20059863,RE,2026-09-16
40047310,RS,2026-09-16
40005104,RS,2026-09-16
40005104,RS,2026-09-16
40031085,FI,2026-09-16
40063246,AD,2026-09-16
40059335,AD,2026-09-16
40061782,RS,2026-09-16
40012238,RS,2026-09-16
40034871,RS,2026-09-16
40034862,OT,2026-09-16
40053451,RS,2026-09-16
30078294,RS,2026-09-16
30107162,RS,2026-09-16
40016268,RS,2026-09-16
40016268,RS,2026-09-16
40059781,RS,2026-09-16
40077364,OT,2026-09-16
40071722,FI,2026-09-16
30486596,RS,2026-09-16
40075235,AD,2026-09-16
40026995,RS,2026-09-16
40030470,FI,2026-09-16
40028891,RS,2026-09-16
40069144,RS,2026-09-16
40031574,RS,2026-09-16
40019008,RS,2026-09-16
30483134,RS,2026-09-16
40031493,RS,2026-09-16
40050736,RS,2026-09-16
40033681,FI,2026-09-16
30094632,RE,2026-09-16
40065095,OT,2026-09-16
40067724,RS,2026-09-16
40067724,RS,2026-09-16
30460322,RS,2026-09-16
30460322,RS,2026-09-16
30483037,RS,2026-09-16
40019598,RS,2026-09-16
30121509,RS,2026-09-16
30121509,RS,2026-09-16
30104076,FI,2026-09-16
30129336,RS,2026-09-16
30080581,RS,2026-09-16
40009317,FI,2026-09-16
40050305,AD,2026-09-16
30485336,RS,2026-09-16
30485336,RS,2026-09-16
30480161,RS,2026-09-16
30396675,FI,2026-09-16
30393933,RS,2026-09-16
40056895,AD,2026-09-16
40070855,RS,2026-09-16
40039870,FI,2026-09-16
40047587,AD,2026-09-16
40025844,RS,2026-09-16
40065075,AD,2026-09-16
40009708,RS,2026-09-16
40038513,AD,2026-09-16
40032128,RS,2026-09-16
30064908,FI,2026-09-16
40027860,AD,2026-09-16
40063331,AD,2026-09-16
30130132,RS,2026-09-16
40052136,OT,2026-09-16
30435474,RS,2026-09-16
30435474,RS,2026-09-16
30486631,RS,2026-09-16
40068636,AD,2026-09-16
40065453,OT,2026-09-16
40065453,OT,2026-09-16
30484569,RS,2026-09-16
30096109,RS,2026-09-16
30482371,RS,2026-09-16
30109997,RS,2026-09-16
30181672,RS,2026-09-16
30136611,RS,2026-09-16
30317475,OT,2026-09-16
40024685,RS,2026-09-16
40030398,RS,2026-09-16
30389722,RS,2026-09-16
30391825,RS,2026-09-16
40066830,OT,2026-09-16
40068656,RS,2026-09-16
40026294,RS,2026-09-16
40047314,RS,2026-09-16
30441475,RS,2026-09-16
30441475,RS,2026-09-16
40038954,RS,2026-09-16
30483464,FI,2026-09-16
40026906,RS,2026-09-16
40069586,RS,2026-09-16
40005682,RS,2026-09-16
40072785,RS,2026-09-16
40047517,AD,2026-09-16
30043928,FI,2026-09-16
30096602,OT,2026-09-16
30122283,RS,2026-09-16
30487011,RS,2026-09-16
40079637,RS,2026-09-16
40070049,AD,2026-09-16
30105632,RS,2026-09-16
40015138,RS,2026-09-16
40049397,RS,2026-09-16
40075829,RS,2026-09-16
40024413,FI,2026-09-16
30484768,RS,2026-09-16
40036593,FI,2026-09-16
30463626,RS,2026-09-16
40018637,RS,2026-09-16
40032738,RS,2026-09-16
40045987,FI,2026-09-16
40031194,FI,2026-09-16
30485668,RS,2026-09-16
40038559,RS,2026-09-16
30130586,RS,2026-09-16
30036236,RS,2026-09-16
40076264,RS,2026-09-16
40063248,RS,2026-09-16
30470444,RS,2026-09-16
40016546,RS,2026-09-16
40056898,AD,2026-09-16
20160278,OT,2026-09-16
40076989,FI,2026-09-16
40076989,FI,2026-09-16
30486627,RS,2026-09-16
40030703,FI,2026-09-16
40070590,AD,2026-09-16
20054441,OT,2026-09-16
20054441,FI,2026-09-16
20054441,CF,2026-09-16
20054441,IN,2026-09-16
20059863,FI,2026-09-16
20059863,RS,2026-09-16
20088311,OT,2026-09-16
20088311,*,2026-09-16
20153304,RS,2026-09-16
20153304,FA,2026-09-16
20153304,*,2026-09-16
20153304,IN,2026-09-16
20155699,RS,2026-09-16
20156148,OT,2026-09-16
20156148,RS,2026-09-16
20160278,FI,2026-09-16
20160278,RS,2026-09-16
20177920,OT,2026-09-16
20177920,FI,2026-09-16
20178141,FI,2026-09-16
20178141,RS,2026-09-16
20178168,OT,2026-09-16
20178168,FI,2026-09-16
20178214,OT,2026-09-16
20178214,FI,2026-09-16
20178214,IN,2026-09-16
20187802,OT,2026-09-16
20187802,RS,2026-09-16
20188580,OT,2026-09-16
20188580,RS,2026-09-16
20189205,RS,2026-09-16
20189211,FI,2026-09-16
30002745,OT,2026-09-16
30005793,RS,2026-09-16
30036236,RE,2026-09-16
30036236,OT,2026-09-16
30036236,FI,2026-09-16
30038126,OT,2026-09-16
30043928,RS,2026-09-16
30044383,OT,2026-09-16
30044383,FI,2026-09-16
30057859,RE,2026-09-16
30057859,FI,2026-09-16
30057859,RS,2026-09-16
30061964,OT,2026-09-16
30061964,FI,2026-09-16
30064290,OT,2026-09-16
30064649,OT,2026-09-16
30064649,RS,2026-09-16
30064908,RS,2026-09-16
30069841,OT,2026-09-16
30069841,FI,2026-09-16
30070555,OT,2026-09-16
30070727,OT,2026-09-16
30072803,OT,2026-09-16
30072803,FI,2026-09-16
30072828,FI,2026-09-16
30073030,FI,2026-09-16
30073603,RE,2026-09-16
30073603,RS,2026-09-16
30078294,FI,2026-09-16
30080556,RS,2026-09-16
30080581,RE,2026-09-16
30080581,FI,2026-09-16
30080831,FI,2026-09-16
30081138,FI,2026-09-16
30082374,FI,2026-09-16
30084551,OT,2026-09-16
30084551,FI,2026-09-16
30085715,OT,2026-09-16
30092858,RS,2026-09-16
30094632,FI,2026-09-16
30094632,RS,2026-09-16
30096102,RE,2026-09-16
30096102,FI,2026-09-16
30096110,OT,2026-09-16
30096110,FI,2026-09-16
30096349,RS,2026-09-16
30096407,FI,2026-09-16
30096602,FI,2026-09-16
30096778,RE,2026-09-16
30096778,OT,2026-09-16
30096778,RS,2026-09-16
30097841,FI,2026-09-16
30099413,RS,2026-09-16
30100107,FI,2026-09-16
30100226,FI,2026-09-16
30100340,FI,2026-09-16
30103935,FI,2026-09-16
30104076,OT,2026-09-16
30104076,RS,2026-09-16
30104304,OT,2026-09-16
30104345,OT,2026-09-16
30104345,FI,2026-09-16
30105632,RE,2026-09-16
30105632,OT,2026-09-16
30105632,FI,2026-09-16
30107157,FI,2026-09-16
30109997,FI,2026-09-16
30112007,RS,2026-09-16
30113065,FI,2026-09-16
30119003,FI,2026-09-16
30119015,OT,2026-09-16
30119015,FI,2026-09-16
30120056,RS,2026-09-16
30120122,FI,2026-09-16
30121509,FI,2026-09-16
30124912,RS,2026-09-16
30125055,FI,2026-09-16
30126632,OT,2026-09-16
30126701,FI,2026-09-16
30129336,FI,2026-09-16
30130132,FI,2026-09-16
30131841,FI,2026-09-16
30135321,OT,2026-09-16
30135321,FI,2026-09-16
30135685,FI,2026-09-16
30136315,OT,2026-09-16
30136315,FI,2026-09-16
30136983,FI,2026-09-16
30137226,OT,2026-09-16
30137226,RS,2026-09-16
30137818,FI,2026-09-16
30155224,FI,2026-09-16
30156972,OT,2026-09-16
30156972,RS,2026-09-16
30187622,FI,2026-09-16
30201772,FI,2026-09-16
30249672,RS,2026-09-16
30256122,RS,2026-09-16
30267380,FI,2026-09-16
30285772,FI,2026-09-16
30292973,FI,2026-09-16
30292973,RS,2026-09-16
30317475,FI,2026-09-16
30327173,FI,2026-09-16
30328827,OT,2026-09-16
30341126,OT,2026-09-16
30341126,FI,2026-09-16
30343539,FI,2026-09-16
30345076,FI,2026-09-16
30349028,FI,2026-09-16
30363439,RS,2026-09-16
30363445,RS,2026-09-16
30369628,RS,2026-09-16
30376489,FI,2026-09-16
30377222,FI,2026-09-16
30379323,OT,2026-09-16
30379323,FI,2026-09-16
30384722,FI,2026-09-16
30391825,FI,2026-09-16
30393933,FI,2026-09-16
30394039,OT,2026-09-16
30396675,OT,2026-09-16
30396675,RS,2026-09-16
30407223,FI,2026-09-16
30407522,OT,2026-09-16
30407522,RS,2026-09-16
30410576,FI,2026-09-16
30435474,FI,2026-09-16
30441475,FI,2026-09-16
30446872,FI,2026-09-16
30458837,RS,2026-09-16
30459418,RS,2026-09-16
30460322,FI,2026-09-16
30461075,FI,2026-09-16
30463592,FI,2026-09-16
30463626,FI,2026-09-16
30463675,RS,2026-09-16
30464197,FI,2026-09-16
30466033,FI,2026-09-16
30467604,RS,2026-09-16
30467692,CF,2026-09-16
30468944,CF,2026-09-16
30468944,IN,2026-09-16
30470444,RE,2026-09-16
30470444,OT,2026-09-16
30470444,FI,2026-09-16
30475049,OT,2026-09-16
30475049,FI,2026-09-16
30478136,OT,2026-09-16
30478136,RS,2026-09-16
30480901,FI,2026-09-16
30482371,FI,2026-09-16
30484343,OT,2026-09-16
30484502,FI,2026-09-16
30484568,RS,2026-09-16
30484768,OT,2026-09-16
30484768,FI,2026-09-16
30484920,FI,2026-09-16
30485336,FI,2026-09-16
30485932,CF,2026-09-16
30486031,FI,2026-09-16
30486050,FI,2026-09-16
40000086,FI,2026-09-16
40000938,OT,2026-09-16
40000938,FI,2026-09-16
40002036,FI,2026-09-16
40002869,FI,2026-09-16
40003212,FI,2026-09-16
40003665,OT,2026-09-16
40003665,FI,2026-09-16
40004714,FI,2026-09-16
40005104,FI,2026-09-16
40005336,FI,2026-09-16
40005682,FI,2026-09-16
40005756,RS,2026-09-16
40005794,FI,2026-09-16
40006083,FI,2026-09-16
40006966,RS,2026-09-16
40008096,FI,2026-09-16
40008405,FI,2026-09-16
40008481,FI,2026-09-16
40013709,RS,2026-09-16
40015334,RE,2026-09-16
40015334,FI,2026-09-16
40015848,FI,2026-09-16
40015848,RS,2026-09-16
40016425,FI,2026-09-16
40018469,FI,2026-09-16
40021667,FI,2026-09-16
40021834,OT,2026-09-16
40021944,RS,2026-09-16
40023608,FI,2026-09-16
40023943,FI,2026-09-16
40023943,RS,2026-09-16
40024103,FI,2026-09-16
40024413,RS,2026-09-16
40024416,RS,2026-09-16
40024422,FI,2026-09-16
40024424,RE,2026-09-16
40024424,FI,2026-09-16
40024685,FI,2026-09-16
40026213,OT,2026-09-16
40026213,RS,2026-09-16
40026303,AD,2026-09-16
40026600,IN,2026-09-16
40026929,FI,2026-09-16
40027785,FI,2026-09-16
40027936,RS,2026-09-16
40028891,FI,2026-09-16
40029327,RS,2026-09-16
40029986,OT,2026-09-16
40030398,FI,2026-09-16
40030703,RS,2026-09-16
40030969,FI,2026-09-16
40031085,RS,2026-09-16
40031094,RS,2026-09-16
40031194,RS,2026-09-16
40031256,OT,2026-09-16
40031256,RS,2026-09-16
40031440,FI,2026-09-16
40031493,RE,2026-09-16
40032335,AD,2026-09-16
40032580,RE,2026-09-16
40032580,FI,2026-09-16
40034331,FI,2026-09-16
40034862,FI,2026-09-16
40034862,RS,2026-09-16
40034871,FI,2026-09-16
40035001,FI,2026-09-16
40035272,FI,2026-09-16
40035350,FI,2026-09-16
40035371,RS,2026-09-16
40036492,FI,2026-09-16
40037419,FI,2026-09-16
40037607,RS,2026-09-16
40039178,FI,2026-09-16
40039423,FI,2026-09-16
40040058,FI,2026-09-16
40045677,RS,2026-09-16
40046091,RE,2026-09-16
40046091,FI,2026-09-16
40046866,OT,2026-09-16
40047072,AD,2026-09-16
40048203,OT,2026-09-16
40048203,FI,2026-09-16
40048345,FI,2026-09-16
40049870,AD,2026-09-16
40049912,RS,2026-09-16
40050822,FI,2026-09-16
40050900,OT,2026-09-16
40051084,OT,2026-09-16
40051205,FI,2026-09-16
40051808,AD,2026-09-16
40052125,OT,2026-09-16
40052127,OT,2026-09-16
40053774,OT,2026-09-16
40053774,RS,2026-09-16
40054665,RS,2026-09-16
40055438,FI,2026-09-16
40055643,RS,2026-09-16
40056289,RS,2026-09-16
40056699,RE,2026-09-16
40056699,FI,2026-09-16
40056888,AD,2026-09-16
40056892,RS,2026-09-16
40056892,AD,2026-09-16
40056901,AD,2026-09-16
40057641,RE,2026-09-16
40058042,RS,2026-09-16
40059332,AD,2026-09-16
40059645,OT,2026-09-16
40059660,RS,2026-09-16
40059748,FI,2026-09-16
40060361,AD,2026-09-16
40060938,RS,2026-09-16
40061058,OT,2026-09-16
40061063,RS,2026-09-16
40061328,AD,2026-09-16
40061646,RS,2026-09-16
40063089,RS,2026-09-16
40063338,RS,2026-09-16
40065420,OT,2026-09-16
40065420,RS,2026-09-16
40065453,RS,2026-09-16
40067788,RS,2026-09-16
40068308,FI,2026-09-16
40068521,OT,2026-09-16
40068636,RS,2026-09-16
40068656,AD,2026-09-16
40069164,RS,2026-09-16
40070049,RS,2026-09-16
40070076,RS,2026-09-16
40070172,RS,2026-09-16
40071903,RS,2026-09-16
40072492,FI,2026-09-16
40074254,RS,2026-09-16
40074760,FI,2026-09-16
40075376,FI,2026-09-16
40075654,RS,2026-09-16
